Controlling Corporation,Corporate Total Scope 1 Emission (t CO2-e),Corporate Total Scope 2 Emission (t CO2-e),Corporate Total Energy Consumed (GJ),Begin year,Begin Month,End year,End Month
A J Bush & Sons Pty Ltd ,102372,18995,1068450,2012,8,2013,7
A.A. Scott Pty Ltd ,160531,7561,2341055,2012,8,2013,7
AAPC Limited ,19700,193782,1141028,2012,8,2013,7
ABC Tissue Products Pty Limited ,17361,48790,534385,2012,8,2013,7
ACN 085 239 998 PTY LTD ,6262,204120,924731,2012,8,2013,7
ACTEW Corporation Ltd ,67196,152594,771104,2012,8,2013,7
Adelaide Brighton Ltd ,2749900,295008,18269081,2012,8,2013,7
Aditya Birla Minerals Ltd ,100243,36601,2094919,2012,8,2013,7
AGL Energy Limited ,20236397,314529,171615418.9,2012,8,2013,7
AIR LIQUIDE AUSTRALIA LIMITED ,31429,289415,1211177.72,2012,8,2013,7
Alacer Gold Pty Ltd ,76199,30559,1244477,2012,8,2013,7
Alcan Gove Pty Limited ,1818688.689,0,24275074.78,2012,8,2013,7
Alcoa Australian Holdings Pty Ltd ,6505987.506,8511293.587,147043397,2012,8,2013,7
ALDI Foods Pty Limited ,35217,179777,1091964,2012,8,2013,7
Alinta Energy Finance Pty Ltd ,3933636,23414.30108,39755701.63,2012,8,2013,7
Alliance Airlines Pty Limited ,151043,1273,2175703,2012,8,2013,7
Amalgamated Holdings Limited ,10105,138752,745341,2012,8,2013,7
Amcor Limited ,464292.1443,448955.2359,9065289,2012,8,2013,7
Americold Logistics Limited ,6232,43893,255331,2012,8,2013,7
AMP Limited ,12120,154462,743541.46,2012,8,2013,7
Anglo American Australia Limited ,2983508,603997,13550746,2012,8,2013,7
AngloGold Ashanti Australia Limited ,153818,409,2525309,2012,8,2013,7
Apache Energy Limited ,762832,973,15329701,2012,8,2013,7
APT Pipelines Limited ,323871,14735,2791839,2012,8,2013,7
Ardent Leisure Limited ,2685,55944,273758,2012,8,2013,7
Arnotts Biscuits Holdings Pty Ltd ,28177,59326,789126,2012,8,2013,7
Arrium Limited ,3009787.429,1210069.639,41487028.15,2012,8,2013,7
ARROW ENERGY HOLDINGS PTY LTD ,790407,46614,11496622,2012,8,2013,7
Asahi Holdings (Australia) Pty Ltd ,19010,55191,554698,2012,8,2013,7
Asciano Limited ,1088013,145499,16184679,2012,8,2013,7
ASP SHIP MANAGEMENT PTY LTD ,70219,0,961874,2012,8,2013,7
ATCO AUSTRALIA PTY. LTD. ,1204412,79750,11966440,2012,8,2013,7
Atlas Iron Limited ,60863,384,881299,2012,8,2013,7
Aurizon Holdings Ltd ,755100,466584,12814546,2012,8,2013,7
AURORA ENERGY PTY LTD ,5393,63463,950718,2012,8,2013,7
Auscan Holdings Pty Ltd ,106912,0,1512712,2012,8,2013,7
Ausgrid ,35014.93711,973793.2124,4367489.517,2012,8,2013,7
Austin Health ,14987,52110,451422.3,2012,8,2013,7
Australia and New Zealand Banking Group Ltd ,7992,155208,669938,2012,8,2013,7
AUSTRALIA PACIFIC AIRPORTS CORPORATION LIMITED ,7848,68862,358079.11,2012,8,2013,7
Australian Consolidated Food Holdings Pty Limited ,37387,100482,874774.72,2012,8,2013,7
Australian National University ,15196,86043.68932,587937,2012,8,2013,7
Australian Postal Corporation ,124741,201403,2633937,2012,8,2013,7
Automotive Holdings Group Limited ,81645,45137,1366012,2012,8,2013,7
Aveng Australia Holdings Pty Ltd ,102100,4881,1487318,2012,8,2013,7
Axia Energy Australia Pty Ltd ,481427,0,5865062,2012,8,2013,7
AZSA Holdings Pty Limited ,5648364,642384,14412749.54,2012,8,2013,7
B.M.D. HOLDINGS PTY. LIMITED ,65732,21982,1037872,2012,8,2013,7
Baiada Pty Limited ,71422,168000,1800553.98,2012,8,2013,7
Barrick (Australia Pacific Holdings) Pty Ltd ,196870,239480,4305989,2012,8,2013,7
BARRICK (PD) AUSTRALIA LIMITED ,142189,106474,2602509,2012,8,2013,7
Beach Energy Limited ,94915,623,346965,2012,8,2013,7
Bechtel (Western Australia) Pty Ltd ,63509,8,817747,2012,8,2013,7
Bechtel Australia Proprietary Limited ,74271,3993,997550,2012,8,2013,7
BEGA CHEESE LIMITED ,47004,91709,1431644,2012,8,2013,7
BG International (AUS) Investments Pty Limited ,672051,5843,8707297,2012,8,2013,7
BGC (Australia) Pty Ltd ,103823.912,83580.35804,2250255.628,2012,8,2013,7
BHP Billiton Aluminium Australia Pty Ltd ,2499335,681346,43660141,2012,8,2013,7
BHP Billiton Energy Coal Australia Pty Ltd ,395340,77373,6075683.52,2012,8,2013,7
BHP Billiton Limited ,5511761,2052850,51585231,2012,8,2013,7
Bidvest Australia Limited ,17777,45783,402059,2012,8,2013,7
BIG BEN HOLDINGS PTY. LIMITED ,77010,31163,1066357,2012,8,2013,7
Billiton Manganese Australia Pty Ltd ,568554,204449,9200162,2012,8,2013,7
Blacktown Waste Services Pty Limited ,64010,60,15966,2012,8,2013,7
BlueScope Steel Limited ,6032558.959,933103.6823,72438179.53,2012,8,2013,7
Bluewaters Power 1 Pty Ltd ,1249039,3733,8036027,2012,8,2013,7
Bluewaters Power 2 Pty Ltd ,1358067,1787,9000983,2012,8,2013,7
BM Alliance Coal Operations Pty Ltd ,2188775,896616,22531884,2012,8,2013,7
BOC Limited ,27581,627296,3006577.49,2012,8,2013,7
Boeing Australia Holdings Proprietary Limited ,4883,46653,249564.23,2012,8,2013,7
Boral Limited ,2275675,503478,19640407,2012,8,2013,7
Borg Manufacturing Pty Ltd ,32984,90013,1536172,2012,8,2013,7
BP Australia Investments Pty Ltd ,1385342,517856,46169955.21,2012,8,2013,7
Bradken Limited ,35319,93995,1069982.78,2012,8,2013,7
Brickworks Ltd ,218289,99545,4423339,2012,8,2013,7
Brisbane City Council ?,212519.3756,19141.83673,1857512.816,2012,8,2013,7
Brookfield HoldCo (Australia) Pty Limited ,9826,77055,422598,2012,8,2013,7
Building Supplies Group Holding Pty Ltd ,52242,183466,6679597,2012,8,2013,7
Byrns Smith Unit Trust ,80463,7105,1184927,2012,8,2013,7
C S Energy Limited ?,12456460,208424,88615131.97,2012,8,2013,7
Caledon Coal Pty Limited ,104478,16217,124438.23,2012,8,2013,7
Caltex Australia Limited ,1849610,288640,96615106.19,2012,8,2013,7
Cargill Processing Limited ,26317,26833,448742,2012,8,2013,7
CBH Resources Limited ,10250,82794,490824,2012,8,2013,7
Cement Australia Holdings Pty Ltd ,2340354,223689,11718025.52,2012,8,2013,7
CEMENT AUSTRALIA PTY LIMITED ,40878,9157,627761,2012,8,2013,7
Centennial Coal Company Limited ,1677347,279687,1613809.87,2012,8,2013,7
CEVA Pty Ltd ,100578,23263,1530969,2012,8,2013,7
Charter Hall Limited ,5838,99484,435573,2012,8,2013,7
Chemco Pty Ltd ,30725,126402,2896498,2012,8,2013,7
Chevron Australia Holdings Pty Ltd ,527563,10432,6941722.44,2012,8,2013,7
CITIC Pacific Mining Management Pty Ltd ,247478,326,4279351,2012,8,2013,7
Cliffs Asia Pacific Iron Ore Pty Ltd ,145470,342,2115783,2012,8,2013,7
Coca-Cola Amatil Limited ,51039,143571.4286,1457624.628,2012,8,2013,7
ComfortDelGro Cabcharge Pty Ltd. ,86788,3549,1255191,2012,8,2013,7
Comgen Australia Pty Ltd ,315845,11216,963399,2012,8,2013,7
Commonwealth Bank of Australia ,22860,333827,1627533.39,2012,8,2013,7
Commonwealth Scientific and Industrial Research Organisation ,14888,109062,667806,2012,8,2013,7
Competitive Foods Australia Pty Ltd ,15044,143956,848659,2012,8,2013,7
Conoco Phillips Australia Gas Holdings Pty Ltd ,2500544,2767,303980815,2012,8,2013,7
Consolidated Minerals Holdings (Australia) Pty Ltd ,81391.31061,1138,1192598.082,2012,8,2013,7
Contract Power Australia Pty Ltd ,99957,0,1438236,2012,8,2013,7
Co-operative Bulk Handling Limited ,8395,55754,366720,2012,8,2013,7
Cristal Australia Pty Ltd ,62802.45539,75789,1200525.027,2012,8,2013,7
Cristal Inorganic Chemicals Australia Pty Ltd ,120633,42510,2271666.76,2012,8,2013,7
Crown Limited ,36927,151455,1113080,2012,8,2013,7
CSL Limited ,12268,66874,439603.69,2012,8,2013,7
CSR Limited ,361216,259123,6916369,2012,8,2013,7
CST Mineral Lady Annie Pty Limited ,22509,35136,550089,2012,8,2013,7
D&R Henderson Pty Ltd ,16105,37990,547764,2012,8,2013,7
Dalrymple Bay Coal Terminal Pty Ltd ,857,89784,388290,2012,8,2013,7
David Jones Limited ,7090,86925,366980,2012,8,2013,7
DBNGP (WA) Transmission Pty Limited ,237663,1804,4104525,2012,8,2013,7
Deakin University ,7620,51371,297635,2012,8,2013,7
Delta Electricity ,18526442,148063,133812721.6,2012,8,2013,7
DEXUS HOLDINGS PTY LIMITED ,9126,101382.0254,499050.9656,2012,8,2013,7
Doral Pty Ltd ,16570,55975,500794,2012,8,2013,7
Downer EDI Limited ,156804,48934,2939595,2012,8,2013,7
DP World Australia (Holding) Pty Ltd ,30030,47796,657523,2012,8,2013,7
Eastern Metropolitan Regional Council ,97096,676,40664.28,2012,8,2013,7
Echo Entertainment Group Ltd ,10006,106994,635431,2012,8,2013,7
Ecogen Holdings Pty Ltd ,116868,25184,1676879.16,2012,8,2013,7
EFS Worsley Holdings Pty Ltd ,313350,1399,460861,2012,8,2013,7
Elders Limited ,21675,31020,444263,2012,8,2013,7
ElectraNet Pty Ltd ,2782,204411,1158108,2012,8,2013,7
Electricity Generation Corporation T/A Verve Energy ,6546948,3929,54199826.73,2012,8,2013,7
Electricity Networks Corporation ,38698,938589,4579438,2012,8,2013,7
Endeavour Energy ,17884,676434,2962656,2012,8,2013,7
Energex Limited ,25879,973130,4686849.09,2012,8,2013,7
Energy Developments Limited ,1119205,2835,17618360,2012,8,2013,7
EnergyAustralia Holdings Ltd ,12316063,199989,103915016.6,2012,8,2013,7
ENVESTRA LIMITED ,456035,61,24760,2012,8,2013,7
Envirogen Pty Ltd ,129810,79,1434564,2012,8,2013,7
Ergon Energy Corporation Limited ,99966,763113,4311670,2012,8,2013,7
ERM Power Limited ,48379,4322,645816.96,2012,8,2013,7
Esperance Power Station Pty Ltd ,64147,0,1180671,2012,8,2013,7
Essential Energy ,38666,781106,3634809,2012,8,2013,7
Evolution Mining Limited ,109377,217212,2531991,2012,8,2013,7
EXXONMOBIL AUSTRALIA PTY LTD ,2232779.162,243551.7241,185579726.8,2012,8,2013,7
F & F MANAGEMENT PTY. LTD ,1624,59574,256912,2012,8,2013,7
Fairfax Media Limited ,9102.576958,70071.23402,409844.7526,2012,8,2013,7
Farstad Shipping (Indian Pacific) Pty Ltd ,194599,0,2952760,2012,8,2013,7
Federation Limited ,3118,119462,504948,2012,8,2013,7
Fitness First Asia Pacific Group Pty Limited ,3865,46551,256349,2012,8,2013,7
Fletcher Building (Australia) Pty Ltd ,83142,317472,3977444,2012,8,2013,7
FMR Investments Pty Ltd ,43795,19414,722650,2012,8,2013,7
Focus Minerals Ltd ,37865,31569,691332,2012,8,2013,7
Food Investments Pty Ltd ,112674,144984.5278,2261989.988,2012,8,2013,7
Ford Motor Company of Australia Limited ,22003.01205,162172,900356.7134,2012,8,2013,7
FORESTRY CORPORATION OF NSW ,64853,1141,935756,2012,8,2013,7
Fortescue Metals Group Ltd ,1331339,99522,20442388,2012,8,2013,7
FOSTER'S GROUP Pty Ltd ,43620,87804,1085717,2012,8,2013,7
FQM Australia Holdings Pty Ltd ,119229,20,1327088,2012,8,2013,7
FREQUENCY INFRASTRUCTURE AUSTRALIA HOLDINGS PTY LTD ,2207,128219,561248,2012,8,2013,7
FRITO-LAY AUSTRALIA HOLDINGS PTY LIMITED ,30581,33557,722137,2012,8,2013,7
Fujitsu Australia Limited ,666,109216,435257,2012,8,2013,7
Fulton Hogan Australia Pty/Ltd ,100916,18634,1757480,2012,8,2013,7
General Motors Australia Ltd ,32022,99650,1112750,2012,8,2013,7
Gladstone Ports Corporation Limited ,38005,67352,984373,2012,8,2013,7
Glencore Australia Investment Holdings Pty Ltd ,85025,68794,1849626,2012,8,2013,7
Glencore Investment Pty Ltd ,546173,331,7482899,2012,8,2013,7
Glideco Pty Limited ,12619,76284,497827,2012,8,2013,7
Gold Fields Australia Pty Ltd ,87263,130859,2086014,2012,8,2013,7
Goldfields Power Pty Ltd ,135707,0,1806799,2012,8,2013,7
Goodman Fielder Limited ,29196.05809,59740.80708,790228.1173,2012,8,2013,7
GPT Management Holdings Ltd ,8256,121067,577101.96,2012,8,2013,7
GRAINCORP LIMITED ,103653,186720,2488494.87,2012,8,2013,7
Grange Resources Limited ,173721,58961,3643328,2012,8,2013,7
Griffith University ,1169,56204.34304,253076.8461,2012,8,2013,7
GUJARAT NRE COKING COAL LIMITED ,345611,40677,193619,2012,8,2013,7
GWI Holdings No.2 Pty Ltd ,102896,2937,1496374,2012,8,2013,7
HAMSDALE AUSTRALIA PTY LIMITED ,24973,33164,450444,2012,8,2013,7
HANSON AUSTRALIA (HOLDINGS) PROPRIETARY LIMITED ,186127,56448,2879117,2012,8,2013,7
Harvey Norman Holdings Limited ,5451,148170,680228,2012,8,2013,7
Healthscope Hospitals Holdings Pty Ltd ,12780,105456,674731,2012,8,2013,7
Hewlett-Packard South Pacific Pty Ltd ,694,142826,551165,2012,8,2013,7
Hillgrove Resources Limited ,27700,26079,551205,2012,8,2013,7
Holcim Participations (Australia) Pty Ltd. ,185907,72168,3019333,2012,8,2013,7
Holiday Inns Holdings (Australia) Pty Ltd ,12632,68498,521495,2012,8,2013,7
HRL LIMITED ,615268,68883,12310943,2012,8,2013,7
Hunter Water Corporation ,23438,65925,331916,2012,8,2013,7
Huntsman Corporation Australia Pty Ltd ,17799,76895,2137429,2012,8,2013,7
HYDRO-ELECTRIC CORPORATION ,704346,23363,8151570,2012,8,2013,7
Hyne & Son Pty. Limited ,5447,53778,2046539,2012,8,2013,7
IBM A/NZ Holdings Pty Limited ?,841,94085,367996,2012,8,2013,7
ICC Holdings Pty Limited ,101892,1980,2196725,2012,8,2013,7
IDEMITSU AUSTRALIA RESOURCES PTY LTD ,123446,100692,3062660,2012,8,2013,7
Iluka Resources Limited ,367178.2952,115939.7658,5892447.955,2012,8,2013,7
Incitec Pivot Limited ,1217820,185887,28867726.12,2012,8,2013,7
Independence Group NL ,38226,17477,788556,2012,8,2013,7
Inghams Enterprises Pty Limited ,90540,239978,2002317,2012,8,2013,7
Inova  Resources Limited ,55333,0,933382,2012,8,2013,7
International Power (Australia) Holdings Pty Ltd ,17243187,203671,146993519.6,2012,8,2013,7
Investa Property Group Holdings Pty Limited ,5514,90418,449190,2012,8,2013,7
IPMG Pty Limited (Formally IPMG (Holdings) Pty Limited) ,14073,75225,555775.78,2012,8,2013,7
Isaac Plains Coal Management Pty Ltd ,116388,27282,1148030,2012,8,2013,7
ISPT Pty Ltd ,3671,76906,360477,2012,8,2013,7
J.J. Richards & Sons Pty Ltd ,68070,4476,1002433,2012,8,2013,7
James Hardie Austgroup Pty Ltd ,16845.22613,35860.30151,404286.4322,2012,8,2013,7
JBS Holdco Australia Pty Ltd ,232288,173450,2737392.82,2012,8,2013,7
Jellinbah Group Pty Ltd ,220404,8554,1955122,2012,8,2013,7
Jet Systems Pty Ltd ,162394,1876,2342314,2012,8,2013,7
JKC Australia LNG Pty Ltd ,64734,109,931076,2012,8,2013,7
John Swire & Sons Pty Ltd ,16736,70336,518450.4,2012,8,2013,7
Kalari Proprietary Limited ,53111,2006,767246,2012,8,2013,7
Kalgoorlie Consolidated Gold Mines Pty Ltd ,217182,255418,4890662,2012,8,2013,7
Karara Mining Limited ,80082,94024,1614048,2012,8,2013,7
Kellogg Australia Holdings Pty Ltd ,18140.19738,36622.9344,487495.4665,2012,8,2013,7
Keolis Downer Pty Ltd ,2350,101817,329895,2012,8,2013,7
Kilcoy Industries Australia Pty Ltd ,31790,18701,250082,2012,8,2013,7
Kimberly Clark Pacific Holdings Pty Ltd ,47953,149843,1695500,2012,8,2013,7
Knauf Australia Pty Ltd ?,,,,2012,8,2013,7
Kraft Australia Holdings Pty Ltd ,32120.88736,72850.28104,937228.8531,2012,8,2013,7
La Trobe University ?,28183,29273,608054,2012,8,2013,7
LANCO RESOURCES AUSTRALIA PTY LTD ,69914.49572,7829.116984,1043659.971,2012,8,2013,7
LDO Coal ,186018,12215,71149,2012,8,2013,7
LEIGHTON HOLDINGS LIMITED ,206245,128495,2660482.89,2012,8,2013,7
LEND LEASE CORPORATION LIMITED ,155972,138030.1042,2846024.191,2012,8,2013,7
Lindsay Australia Limited ,89896,0,1306202,2012,8,2013,7
Linfox Pty Ltd ,216559,0,3271023,2012,8,2013,7
Lion Pty Ltd ,78705,204220,2364166,2012,8,2013,7
Loy Yang Holdings Pty Ltd ,10188257,5296,82595715,2012,8,2013,7
LyondellBasell Australia (Holdings) Pty Ltd ,12419,155558,2562222.19,2012,8,2013,7
M J Luff PTY Ltd ,49575,3305,770398,2012,8,2013,7
MACKAY SUGAR LIMITED ,109363,10230,18000533,2012,8,2013,7
Macquarie Generation ,20412509,186124,149733363,2012,8,2013,7
Manildra Milling Pty Ltd ,310837.1767,271898.6958,5752635.378,2012,8,2013,7
Mars Australia Pty Ltd ,33087,82134,900439,2012,8,2013,7
Mater Misericordiae Health Services Brisbane Limited ,8872,42346,279926,2012,8,2013,7
McAleese Limited ,188177,3070,2718016,2012,8,2013,7
McCain Foods (Aust) Pty Ltd ,30687,68811,1051750,2012,8,2013,7
McDonald's Australia Ltd ,1567,127198,519934,2012,8,2013,7
Melbourne Water Corporation ,147567,236629,1487252.14,2012,8,2013,7
Metcash Limited ,7556,113503,572898,2012,8,2013,7
METRO TRAINS MELBOURNE PTY LTD ,5815,530522,1693026,2012,8,2013,7
Metropolitan Health Service ,23699,136330,1043899,2012,8,2013,7
Mineral Resources Limited ,64412,2098,925189,2012,8,2013,7
MIRVAC LIMITED ,7066,71426,372152.72,2012,8,2013,7
MMG MANAGEMENT PTY LTD ,173802.9983,339534.1985,4643273.548,2012,8,2013,7
MML Holdings Pty Ltd ,20039,94632,727994,2012,8,2013,7
Monash Health ,11303,64649,416027,2012,8,2013,7
Monash University ,17941.23607,122219.5097,707893.4185,2012,8,2013,7
Mount Gibson Iron Limited ,110889,866,1614202,2012,8,2013,7
Multinet Group Holdings Pty Limited ,271521,3627,855342,2012,8,2013,7
Murray Goulburn Co-operative Co. Limited ,138290,440730,4738328,2012,8,2013,7
Myer Holdings Limited ,1909,180664,741761,2012,8,2013,7
National Australia Bank Limited ,8446,141778,629132,2012,8,2013,7
NCIG HOLDINGS PTY LTD ,3064,49877,247864,2012,8,2013,7
Nestle Australia Ltd ,37253,136771,1616484,2012,8,2013,7
New Zealand Milk (Australasia) Pty Ltd ,152943.8776,172733.6735,3256978.459,2012,8,2013,7
Newcrest Mining Limited ,694826,819814,15467651,2012,8,2013,7
NewGen Kwinana Holdings Pty Ltd ,728321,1682,7820959,2012,8,2013,7
Newmont Australia Holdings Pty Ltd ,428420,738609,10726210,2012,8,2013,7
News Australia Holdings Pty Limited ,5663,105192,512456,2012,8,2013,7
Nippon Meat Packers Australia Pty Ltd ,59921,50351,778586.86,2012,8,2013,7
NORSKE SKOG INDUSTRIES AUSTRALIA LIMITED ,224273,194535,8241928,2012,8,2013,7
Northgate Australian Ventures Corporation Pty Ltd ,26118,177039,957734,2012,8,2013,7
Norton Gold Fields Limited ,46035,22599,772773,2012,8,2013,7
NRG Victoria 1 Pty Ltd ,5901815,52516,45321916,2012,8,2013,7
Nufarm Ltd ,12241,51784.56914,378400.8422,2012,8,2013,7
Nyrstar Australia Pty Ltd ,371052,449310,10023836.19,2012,8,2013,7
Olam Investments Australia Pty Limited ,12451,54412,433190,2012,8,2013,7
Olam Orchards Australia Pty Ltd ,5638,83888,334522,2012,8,2013,7
Orica Limited ,1578150,383053,19347718,2012,8,2013,7
Origin Energy Limited ,3680754,83863,74285042,2012,8,2013,7
Owens-Illinois (Australia) Pty Ltd ,382618,259257,6736001,2012,8,2013,7
OZ Minerals Limited ,204959,195216,4063853,2012,8,2013,7
OzGen Holdings Australia Pty Ltd ?,9913438,27405,72066179.26,2012,8,2013,7
Pacific Industrial Services Pty Limited ,40028.25999,46479.66339,898541,2012,8,2013,7
Panoramic Resources Limited ,50899,12780,821725,2012,8,2013,7
PAPER AUSTRALIA PTY LTD ,398451,273205,16844394.23,2012,8,2013,7
Parmalat Australia Pty Ltd ,26143,85979,786687,2012,8,2013,7
Peabody Australia Holdco Pty Ltd ,3275540.755,283205.2733,11170703.13,2012,8,2013,7
Peak Gold Asia Pacific Pty Ltd ,10384,67126,430261,2012,8,2013,7
Pechiney Consolidated Australia Pty Limited ,1030820,6981594,38473051,2012,8,2013,7
Penrice Soda Holdings Limited ,122610,24929,1025909,2012,8,2013,7
PENTAIR FLOW CONTROL INTERNATIONAL PTY LIMITED ,16179,35691,383611,2012,8,2013,7
PEPSCA Pty Ltd ,49110,165797,1455295,2012,8,2013,7
Perilya Limited ,15511,130584,759489,2012,8,2013,7
PFD Food Services Pty Ltd ,24405,36663,512067,2012,8,2013,7
PMP Limited ,18915.42205,80395.23662,645534.5265,2012,8,2013,7
Port Waratah Coal Services Limited ,923,134241,561700,2012,8,2013,7
Positive Investments Pty. Ltd. ,4036,59040,295053,2012,8,2013,7
POWER AND WATER CORPORATION ,1036210,2223,14361128,2012,8,2013,7
Pratt Consolidated Holdings Pty. Ltd. ,351053,1035581,20912483,2012,8,2013,7
Public Transport Authority of Western Australia ,8418,107481,593435,2012,8,2013,7
QANTAS AIRWAYS LIMITED ,4700170,209799,68460414,2012,8,2013,7
QCoal Pty Ltd ,186282.8283,28575,1722060.606,2012,8,2013,7
Qenos Holdings Pty Ltd ,832280,307406,32413728,2012,8,2013,7
QIC Limited ,4790,99572,445033.63,2012,8,2013,7
QNI Resources Pty. Ltd. ,1413543,45403,19533143,2012,8,2013,7
Qube Holdings Limited ,180205,13792,2646789,2012,8,2013,7
QUEENSLAND ALUMINA LIMITED ,2876255,629077,39793041,2012,8,2013,7
Queensland Electricity Transmission Corporation Limited ,14490,1575382,6647032.78,2012,8,2013,7
Queensland Nitrates Pty Ltd ,178182,59030,3397742,2012,8,2013,7
QUEENSLAND RAIL LIMITED ,42445,199548,1457131,2012,8,2013,7
R.G. Withers Nominess Pty Ltd as trustee for R.G. Withers Unit Trust ,764,130658,484901,2012,8,2013,7
Rail Corporation New South Wales ,71568,672957.4374,3779259.445,2012,8,2013,7
Ramelius Resources Limited ,50305,3634,854662,2012,8,2013,7
Ramsay Health Care Limited ,14487,149587,873224,2012,8,2013,7
Rata International Pty Ltd ,11338,60911,399504,2012,8,2013,7
RATCH - Australia Corporation Limited ,318764,8367,3414693,2012,8,2013,7
Redbank Energy Limited ,1138648,97,9336003,2012,8,2013,7
Regional Express Holdings Ltd ,104564,0,1509078,2012,8,2013,7
REGIONAL POWER CORPORATION ,43547,36562,770990,2012,8,2013,7
Regis Resources Limited ,120960,0,1739824,2012,8,2013,7
REMONDIS Australia Pty Ltd ,227708,3632,437747,2012,8,2013,7
Resolute Mining Limited ,21118,60797,563452,2012,8,2013,7
Ricegrowers Limited ,11105,96494,581408,2012,8,2013,7
Ridley Corporation Limited ,44308,70307,1158520,2012,8,2013,7
Rio Doce Australia Pty Limited ,1512479.998,109214.8117,1595948.056,2012,8,2013,7
Rio Tinto Limited ,8673253.253,9942256.77,153125435,2012,8,2013,7
Ritchies Stores Pty Ltd ,19749,83189,303822,2012,8,2013,7
Ron Finemore Transport Pty Limited ,59080,486,929160,2012,8,2013,7
Royal Melbourne Institute of Technology ,7511,73438,365057,2012,8,2013,7
SA Power Networks ,12881,508802,2963270,2012,8,2013,7
Salvage Pty Ltd ,13463,249916,1134002,2012,8,2013,7
Sandfire Resources NL ,65988,137,950879,2012,8,2013,7
Santos LTD ,3557396,36407,32205175,2012,8,2013,7
Saracen Mineral Holdings ,98142,56,1437427,2012,8,2013,7
Scott's Refrigerated Freightways Pty Ltd ,74445,0,1093436,2012,8,2013,7
SCOTTS TRANSPORT INDUSTRIES PTY LTD ,62665,2020,907172,2012,8,2013,7
SeaRoad Holdings Pty Ltd ,48865,1560,683433,2012,8,2013,7
SEDCO FOREX INTERNATIONAL INC ,62431,112,903903,2012,8,2013,7
Sembsita Australia Pty. Limited ,591706,33183,1238909,2012,8,2013,7
Shell Australia Limited ,1188512.877,374046.9683,19575640.1,2012,8,2013,7
Sibelco Asia Pacific Pty Ltd ,643985,253743,5208086,2012,8,2013,7
Silicon Metal Company of Australia Pty Ltd ,61214.37922,432873,4509059.805,2012,8,2013,7
SILK LOGISTICS GROUP HOLDINGS PTY LIMITED ,76802,6375,1125601,2012,8,2013,7
Silverlake Resources Limited ,66886,51442,1187470,2012,8,2013,7
Simplot Australia (Holdings) Pty Limited ,65653,68756,1576402,2012,8,2013,7
Sims Metal Management Limited ,29166,36417,628458,2012,8,2013,7
Singapore Telecom Australia Investments Pty Limited ,2601,352336,1400825,2012,8,2013,7
Snowy Hydro Limited ,23485,134619,893637,2012,8,2013,7
Sojitz Coal Resources Pty Limited ,75987,23,1099000,2012,8,2013,7
Sonic Healthcare Limited ,8285,58483,366852.51,2012,8,2013,7
South Australian Water Corporation ?,45216,278490,2029052,2012,8,2013,7
Southern Cross Airports Corporation Holdings Limited ,5364,85350,442166,2012,8,2013,7
SP Australia Networks (Transmission) Ltd ,39057,1458598,7991206,2012,8,2013,7
SPI (Australia) Assets Pty Ltd ,687745,372216,7559932,2012,8,2013,7
SPI Electricity & Gas Australia Holdings Pty Ltd ,157064,522616,1823498,2012,8,2013,7
St Barbara Limited ,89866,27710.49006,1644946.865,2012,8,2013,7
St John of God Health Care Inc ,12497,51406,403386,2012,8,2013,7
ST VINCENT'S HEALTH AUSTRALIA LTD ,10957,105901,589156,2012,8,2013,7
Stanwell Corporation Limited ,15497127,194217,125750848.6,2012,8,2013,7
State Transit Authority of NSW ,159873,9734,2553529.75,2012,8,2013,7
Stockland Corporation Ltd ,19490,102030,663823,2012,8,2013,7
Sun Metals Holdings Limited ,14873,711386,2874987,2012,8,2013,7
Suncorp Group Limited ,6584,53704,316130.58,2012,8,2013,7
SunWater ,3346,124562,570190,2012,8,2013,7
Super Retail Group Limited ,767,81789,333121,2012,8,2013,7
SVITZER Australasia Services Pty Limited ,47827,2903,695568,2012,8,2013,7
SYDNEY WATER CORPORATION ,43641,303834,2008372,2012,8,2013,7
Teekay Holdings Australia Pty Ltd ,69419,200,954847,2012,8,2013,7
Telstra Corporation Limited ,53851,1329276,5960681,2012,8,2013,7
Teys Australia Pty Ltd ,172766,139215,1909767,2012,8,2013,7
Thales Australia Holdings Pty Ltd ,34595,50101,532690.08,2012,8,2013,7
The Maddingley Mine Trust ,82766,420,164650,2012,8,2013,7
The Trustee for Costa¡¯s Unit Trust ,26932.86573,65150.25381,650328.2365,2012,8,2013,7
The Uniting Church in Australia Property Trust (N.S.W.) ,4343.434343,56468.80235,293262,2012,8,2013,7
The Uniting Church in Australia Property Trust (Q.) ,15701,84174,600329,2012,8,2013,7
The University of Queensland ,2012,133021,584775,2012,8,2013,7
The University of Sydney ,5800,84844,455272,2012,8,2013,7
The Valspar (Australia) Paint Acquisition Pty Limited ,43959,12761,841192,2012,8,2013,7
Thomas Foods International Consolidated Pty Ltd ,27944,38921,632788,2012,8,2013,7
Tidewater Marine International Inc ,53092,68,759895,2012,8,2013,7
Tiger Airways Australia Pty Limited ,269541,0,3872264,2012,8,2013,7
Toga PTY LTD ,5167,61413,344943,2012,8,2013,7
Toll Holdings Limited ,553461,81768,8313484,2012,8,2013,7
Toyota Motor Corporation Australia Ltd. ,36032,117238,1028824,2012,8,2013,7
TransAlta Energy (Australia) Pty Ltd ,715112,24,9260591,2012,8,2013,7
TRANSDEV AUSTRALASIA PTY LTD ,79297,6245,1260614,2012,8,2013,7
Transend Networks Pty Ltd ,2786,85355,1187925,2012,8,2013,7
Transfield Services Limited ,59113,40685,1042857,2012,8,2013,7
TransGrid ,17526,816208,3464766,2012,8,2013,7
Transit Systems Pty Ltd ,63595,2596,1164773,2012,8,2013,7
Transpacific Industries Group Ltd ,631497,41111,3327666.47,2012,8,2013,7
Treasury Wine Estates Limited ,7895,47506,337431,2012,8,2013,7
TRILITY Group Pty Ltd ,3635,109777,544835,2012,8,2013,7
Tronox Management Pty Ltd ,500674,148869,9452922,2012,8,2013,7
TT-Line Company Pty Ltd ,139872,1431,1804107,2012,8,2013,7
United Energy Distribution Holdings Pty Limited ,10149,519657,1704910,2012,8,2013,7
University of Melbourne ,14753,131278,678759,2012,8,2013,7
University of New South Wales ,6489,58429.94468,366880.2467,2012,8,2013,7
V/Line Corporation ,88617,17095,1321864,2012,8,2013,7
Van Oord Dredging & Marine Contractors BV ,107324,55,1485631,2012,8,2013,7
Ventura Motors Pty Ltd ,80605,4772,1174063,2012,8,2013,7
Veolia Water Australia Pty Ltd ,1997,60034,202201,2012,8,2013,7
Vermilion Oil and Gas Australia Pty Ltd ,51766,171,698081,2012,8,2013,7
Victoria Power Networks Pty Ltd ,22991,1168203,3831545,2012,8,2013,7
Virgin Australia Holdings Ltd ,2194805,17449,31601168,2012,8,2013,7
Vodafone Hutchison Australia Pty Ltd ,197,134031,536575,2012,8,2013,7
WA Country Health Service ,9690,46136,364339,2012,8,2013,7
Warrnambool Cheese and Butter Factory Company Holdings Limited ,25588,43579,627822,2012,8,2013,7
Washington H. Soul Pattinson and Company Limited ,165209,46506,2102844,2012,8,2013,7
Waste Assets Management Corporation ,147340,1284,55904,2012,8,2013,7
Water Corporation ,86459,608929,3087415,2012,8,2013,7
WESFARMERS LIMITED ,1525611,2600731,29331639,2012,8,2013,7
Western Areas Ltd ,14559,45429,412486.73,2012,8,2013,7
Westfield Holdings Limited ,11064,316305,1385053,2012,8,2013,7
Westpac Banking Corporation ,5979,167954,780044,2012,8,2013,7
Whitehaven Coal Limited ,409293,50218,2173644,2012,8,2013,7
Wilmar Australia Holdings Pty Limited ,200477.5804,98154.41811,48727590.94,2012,8,2013,7
WOODSIDE PETROLEUM LTD. ,10091364,7225,159281840,2012,8,2013,7
Woolworths Ltd ,444665,2516784,10880553,2012,8,2013,7
XSTRATA HOLDINGS PTY LTD ,3631066,1166432,24099116.83,2012,8,2013,7
Yancoal Australia Limited ,956908,225875,5706129,2012,8,2013,7
Yara Pilbara Fertilisers Pty Ltd ,1542507,0,25559074,2012,8,2013,7
YFG Shopping Centres  Pty Ltd ,0,54002,226057,2012,8,2013,7
